{"cameraMode":{"drawMode":0,"name":"Shaded","section":"Shading Mode"},"sceneLighting":false,"audioPlay":false,"sceneViewState":{"m_AlwaysRefresh":false,"showFog":true,"showSkybox":false,"showFlares":true,"showImageEffects":true,"showParticleSystems":true,"showVisualEffectGraphs":true,"m_FxEnabled":true},"in2DMode":false,"pivot":{"x":4.76837158203125e-7,"y":1.0246076583862305,"z":-0.021749168634414674},"rotation":{"x":0.08068273216485977,"y":0.8984276652336121,"z":-0.18616433441638947,"w":0.38960492610931399},"size":1.2170672416687012,"orthographic":false}